date,benchmark_close
2023-01-02,1000.0
2023-01-03,1000.6616170489826
2023-01-04,999.8186247387223
2023-01-05,1003.2658552433853
2023-01-06,995.8881145731693
2023-01-09,991.6792549891961
2023-01-10,993.806547905798
2023-01-11,991.9775228756131
2023-01-12,993.6679949451923
2023-01-13,991.3125334143537
2023-01-16,995.0585725409162
2023-01-17,995.4272040143103
2023-01-18,996.5786619953809
2023-01-19,996.2173220242804
2023-01-20,996.4391498687996
2023-01-23,997.0540411261433
2023-01-24,993.7513139558648
2023-01-25,993.7501497072684
2023-01-26,995.3136283749934
2023-01-27,993.1613175767656
2023-01-30,995.2563242809392
2023-01-31,995.9174253556381
2023-02-01,997.8873129052971
2023-02-02,994.6344945163582
2023-02-03,995.2858737927951
2023-02-06,1002.139763782548
2023-02-07,1010.3243315216599
2023-02-08,1012.4771342078034
2023-02-09,1014.2276299857558
2023-02-10,1015.5200643716751
2023-02-13,1013.3571958738917
2023-02-14,1013.0699210272411
2023-02-15,1014.1880511813863
2023-02-16,1015.488386857764
2023-02-17,1015.6796776673509
2023-02-20,1014.4715692009847
2023-02-21,1016.6130014825732
2023-02-22,1014.5210220452312
2023-02-23,1017.5203165724351
2023-02-24,1020.701092120829
2023-02-27,1018.6358402928073
2023-02-28,1021.5903062608127
2023-03-01,1022.1763750983621
2023-03-02,1021.248529501194
2023-03-03,1022.1999644656887
2023-03-06,1024.2021639787827
2023-03-07,1026.7499654969567
2023-03-08,1027.195839028095
2023-03-09,1023.1384912235197
2023-03-10,1023.0591051701223
2023-03-13,1026.8270360992026
2023-03-14,1028.6228776300313
2023-03-15,1030.4592581411725
2023-03-16,1031.7576896089654
2023-03-17,1030.4109113545974
2023-03-20,1030.80147468999
2023-03-21,1029.0363525927964
2023-03-22,1032.3527381857648
2023-03-23,1033.7928111726076
2023-03-24,1038.1251360242866
2023-03-27,1040.6106346176284
2023-03-28,1043.2610821821777
2023-03-29,1037.731858063704
2023-03-30,1038.4259388949765
2023-03-31,1037.6051059359797
2023-04-03,1038.5663746792277
2023-04-04,1039.2219121958974
2023-04-05,1040.4727467950054
2023-04-06,1039.27349830731
2023-04-07,1038.4848849738514
2023-04-10,1036.5124278696476
2023-04-11,1033.7222382930024
2023-04-12,1038.5893693463906
2023-04-13,1039.8014563813053
2023-04-14,1037.7979746040446
2023-04-17,1041.2563510444913
2023-04-18,1044.4779363739606
2023-04-19,1045.8695239664924
2023-04-20,1050.6104648403114
2023-04-21,1049.8897206956872
2023-04-24,1053.9887446780417
2023-04-25,1050.1416895297662
2023-04-26,1054.6227608288316
2023-04-27,1055.7759508026725
2023-04-28,1055.2368671690601
2023-05-01,1056.5015314759576
2023-05-02,1056.1675345981837
2023-05-03,1058.7791725195286
2023-05-04,1058.7817045460017
2023-05-05,1060.4669257644464
2023-05-08,1059.6920899141776
2023-05-09,1063.6443549009955
2023-05-10,1061.9067082005647
2023-05-11,1065.3086037484125
2023-05-12,1064.1279902366184
2023-05-15,1061.324186294636
2023-05-16,1065.9075491027982
2023-05-17,1063.9960072283081
2023-05-18,1070.3937181031288
2023-05-19,1072.9368843051495
2023-05-22,1074.1005183936495
2023-05-23,1072.8978952154905
2023-05-24,1079.5253621551515
2023-05-25,1081.454533720603
2023-05-26,1080.3042366451868
2023-05-29,1082.2764445170117
2023-05-30,1081.7897548511892
2023-05-31,1080.405018575549
2023-06-01,1083.123893827526
2023-06-02,1079.2874446497522
2023-06-05,1081.5668571267177
2023-06-06,1080.0371452756183
2023-06-07,1078.2662304208998
2023-06-08,1077.131378144517
2023-06-09,1079.2264167674232
2023-06-12,1078.8484745346352
2023-06-13,1076.7882538220938
2023-06-14,1077.1398998228153
2023-06-15,1082.3471604519707
2023-06-16,1081.883510213883
2023-06-19,1080.4278614804239
2023-06-20,1079.7753890772676
2023-06-21,1080.4189119815326
2023-06-22,1082.2780965661252
2023-06-23,1084.7837531659413
2023-06-26,1087.8088654717171
2023-06-27,1086.4708038667843
2023-06-28,1085.9417473499218
2023-06-29,1084.0751557166357
2023-06-30,1084.6896746664652
2023-07-03,1085.1886698868173
2023-07-04,1086.8344268468923
2023-07-05,1087.511261856266
2023-07-06,1086.2440781479875
2023-07-07,1085.6692004375566
2023-07-10,1083.1029136392858
2023-07-11,1082.7636043153716
2023-07-12,1082.7500893149152
2023-07-13,1083.394530913895
2023-07-14,1086.928353587999
2023-07-17,1085.2946795025205
2023-07-18,1085.3061385902859
2023-07-19,1085.4219117944751
2023-07-20,1084.40931237713
2023-07-21,1085.210791319975
2023-07-24,1082.931334126956
2023-07-25,1080.6930371183653
2023-07-26,1083.2583101390112
2023-07-27,1085.4543155855222
2023-07-28,1085.8025484594473
2023-07-31,1085.7600889989621
2023-08-01,1082.22579267907
2023-08-02,1085.223258768432
2023-08-03,1084.260623738211
2023-08-04,1083.1086942266502
2023-08-07,1082.4032065767476
2023-08-08,1083.8896257569068
2023-08-09,1087.2611691240438
2023-08-10,1086.6563276937313
2023-08-11,1086.8812995673081
2023-08-14,1085.3586332659588
2023-08-15,1087.1722777145328
2023-08-16,1086.8498021048165
2023-08-17,1086.316864540088
2023-08-18,1082.1542087271146
2023-08-21,1082.4174925118405
2023-08-22,1088.7616020751257
2023-08-23,1093.7695835044397
2023-08-24,1093.0471797726248
2023-08-25,1094.664366820767
2023-08-28,1090.3216851781879
2023-08-29,1086.0145009961184
2023-08-30,1084.3016839024588
2023-08-31,1085.5648805959015
2023-09-01,1090.1559366715555
2023-09-04,1089.4401560152958
2023-09-05,1091.1092797233177
2023-09-06,1091.035715615267
2023-09-07,1095.5664382253117
2023-09-08,1095.872204085732
2023-09-11,1097.5041967079285
2023-09-12,1095.3253895292899
2023-09-13,1100.3344000293462
2023-09-14,1105.2249106777851
2023-09-15,1108.2363713670152
2023-09-18,1110.649148099565
2023-09-19,1114.3077330934484
2023-09-20,1116.748263631787
2023-09-21,1113.0945279115372
2023-09-22,1118.165891755139
2023-09-25,1119.0813417410882
2023-09-26,1119.2435455701686
2023-09-27,1120.3818697993627
2023-09-28,1117.7746371166818
2023-09-29,1110.8911166640132
2023-10-02,1105.980799493297
2023-10-03,1107.8244348396122
2023-10-04,1110.127666882042
2023-10-05,1113.3577799354164
2023-10-06,1110.9352323680541
2023-10-09,1112.280786644052
2023-10-10,1114.6166649859147
2023-10-11,1117.4743719814933
2023-10-12,1119.6107430283005
2023-10-13,1116.9889881506372
2023-10-16,1116.1341713681977
2023-10-17,1118.5833331062017
2023-10-18,1119.583172628148
2023-10-19,1120.253757582197
2023-10-20,1124.0279682233877
2023-10-23,1123.2724896429645
2023-10-24,1123.46283018021
2023-10-25,1121.8643882106555
2023-10-26,1127.362759173279
2023-10-27,1128.3000896933856
2023-10-30,1124.8432658486686
2023-10-31,1122.2605423084894
2023-11-01,1123.1412217107854
2023-11-02,1122.7882678778599
2023-11-03,1121.7244050025088
2023-11-06,1123.5682132365016
2023-11-07,1127.8208618186625
2023-11-08,1129.9970175156925
2023-11-09,1121.2295837896352
2023-11-10,1121.6706305462912
2023-11-13,1122.6339218218213
2023-11-14,1122.6441619528387
2023-11-15,1122.8742181188682
2023-11-16,1123.553893246317
2023-11-17,1120.8729925825924
2023-11-20,1115.9988604965877
2023-11-21,1116.0346070734279
2023-11-22,1120.4094258186356
2023-11-23,1126.1115177011065
2023-11-24,1125.5569465737399
2023-11-27,1122.0042349936189
2023-11-28,1123.1051211084578
2023-11-29,1124.4145693015926
2023-11-30,1122.3343920624875
2023-12-01,1125.1869219649664
2023-12-04,1128.3917275503052
2023-12-05,1134.2692070397109
2023-12-06,1136.660704300617
2023-12-07,1137.9132315936738
2023-12-08,1142.3021149335837
2023-12-11,1139.886898537763
2023-12-12,1138.6349054475975
2023-12-13,1135.4425875499228
2023-12-14,1145.024321028872
2023-12-15,1147.1838911923066
2023-12-18,1150.467542100511
2023-12-19,1150.241480202367
2023-12-20,1152.6105747038664
2023-12-21,1157.1694632213328
2023-12-22,1161.8105357517095
2023-12-25,1160.3980626645648
2023-12-26,1160.9844027215154
2023-12-27,1168.3335491295206
2023-12-28,1167.7430424099246
2023-12-29,1167.2464292010602
2024-01-01,1167.253760952444
2024-01-02,1171.603792435532
2024-01-03,1168.8129183012045
2024-01-04,1171.3057264370757
2024-01-05,1172.2229298928141
2024-01-08,1175.942007157736
2024-01-09,1176.5905643310978
2024-01-10,1177.9124162498422
2024-01-11,1180.7163547798418
2024-01-12,1180.3626357466492
2024-01-15,1182.5841517692852
2024-01-16,1184.6568024003334
2024-01-17,1185.109420190842
2024-01-18,1186.5386981752429
2024-01-19,1187.89353997406
2024-01-22,1186.0162484659015
2024-01-23,1181.3977123890302
2024-01-24,1185.4545750135428
2024-01-25,1188.468594734753
2024-01-26,1189.0247189752988
2024-01-29,1193.097603879155
2024-01-30,1197.7117887306172
2024-01-31,1194.724183546086
2024-02-01,1196.232165473302
2024-02-02,1198.5358376709366
2024-02-05,1198.167404936172
2024-02-06,1204.8547341011738
2024-02-07,1201.659011716584
2024-02-08,1204.7198206994742
2024-02-09,1206.4107984679526
2024-02-12,1207.626159813658
2024-02-13,1210.3630837583482
2024-02-14,1210.5744976356798
2024-02-15,1213.1743770482883
2024-02-16,1210.4797591363217
2024-02-19,1209.3954394258492
2024-02-20,1209.8084646677291
2024-02-21,1211.0555156125245
2024-02-22,1209.7311284164616
2024-02-23,1201.408190675305
2024-02-26,1205.9301464603627
2024-02-27,1197.808650420671
2024-02-28,1193.1010759494425
2024-02-29,1188.413738966768
2024-03-01,1188.2079089658014
2024-03-04,1187.363499146951
2024-03-05,1184.775296525
2024-03-06,1184.2867679740655
2024-03-07,1185.7978186257242
2024-03-08,1186.3645353303064
2024-03-11,1186.8003481424864
2024-03-12,1192.2382404857742
2024-03-13,1192.2835685748514
2024-03-14,1193.6869383297362
2024-03-15,1190.9327895695656
2024-03-18,1190.445503368583
2024-03-19,1192.5479664876796
2024-03-20,1193.5211447342429
2024-03-21,1195.3203802382081
2024-03-22,1189.712638476698
2024-03-25,1188.499031166348
2024-03-26,1187.982605433801
2024-03-27,1186.3267819547277
2024-03-28,1191.003737545805
2024-03-29,1191.2336514274648
2024-04-01,1192.5727651808459
2024-04-02,1197.6211879376283
2024-04-03,1197.8401169162048
2024-04-04,1195.999474450469
2024-04-05,1196.305760979214
2024-04-08,1195.3191850956966
2024-04-09,1197.2868577497609
2024-04-10,1196.8337735858627
2024-04-11,1194.3711969544195
2024-04-12,1189.44617312755
2024-04-15,1190.3601882356115
2024-04-16,1190.9941297680705
2024-04-17,1188.4341833419035
2024-04-18,1195.7145948587133
2024-04-19,1197.4490549294494
2024-04-22,1190.9851169766678
2024-04-23,1188.5675727493574
2024-04-24,1189.434139201183
2024-04-25,1192.344126651155
2024-04-26,1192.573128462493
2024-04-29,1191.318877737366
2024-04-30,1186.366195703599
2024-05-01,1186.3241683145825
2024-05-02,1188.8913853960619
2024-05-03,1183.3980117110711
2024-05-06,1181.1381877870776
2024-05-07,1179.7344853391842
2024-05-08,1177.5894665408655
2024-05-09,1176.4903322325658
2024-05-10,1176.997735798198
2024-05-13,1177.7068951847746
2024-05-14,1180.0127309394704
2024-05-15,1180.9364445692709
2024-05-16,1181.0622543294353
2024-05-17,1175.4035002691046
2024-05-20,1177.1019594955533
2024-05-21,1179.1325811779514
2024-05-22,1182.6357695412048
2024-05-23,1187.4709703284768
2024-05-24,1185.2590117961765
2024-05-27,1189.8555183857043
2024-05-28,1190.057558651167
2024-05-29,1189.1834081768
2024-05-30,1187.6526007922985
2024-05-31,1189.7455293293146
2024-06-03,1188.275797345851
2024-06-04,1191.6503656306247
2024-06-05,1195.2441530161839
2024-06-06,1194.6555156646261
2024-06-07,1192.3238144516588
2024-06-10,1195.3411806785002
2024-06-11,1197.5374112998581
2024-06-12,1194.8604967681367
2024-06-13,1196.9543368008904
2024-06-14,1198.3160640433039
2024-06-17,1201.126520629398
2024-06-18,1200.632729557651
2024-06-19,1197.5944396284317
2024-06-20,1198.514956681541
2024-06-21,1194.0749125000918
2024-06-24,1195.516446731712
2024-06-25,1190.975769122751
2024-06-26,1195.1065746621457
2024-06-27,1195.614454432266
2024-06-28,1194.7297662061703
2024-07-01,1192.577576565261
2024-07-02,1198.2922168717514
2024-07-03,1197.349036300325
2024-07-04,1194.329246284238
2024-07-05,1197.2991207563643
2024-07-08,1192.4260189159713
2024-07-09,1194.2722504502233
2024-07-10,1191.7770188547431
2024-07-11,1193.2611701490453
2024-07-12,1189.4155948321995
2024-07-15,1187.8843436580075
2024-07-16,1186.4479836171593
2024-07-17,1184.4258257826054
2024-07-18,1181.9083485801857
2024-07-19,1182.8643214179658
2024-07-22,1181.190229213868
2024-07-23,1183.4941225071218
2024-07-24,1189.5524762689297
2024-07-25,1184.206517266224
2024-07-26,1183.5839952085653
2024-07-29,1184.7894283574142
2024-07-30,1183.542386035553
2024-07-31,1182.1133369855131
2024-08-01,1181.069229030411
2024-08-02,1179.713143706193
2024-08-05,1179.7812767683079
2024-08-06,1177.5598610284658
2024-08-07,1176.265965577017
2024-08-08,1175.9544540440536
2024-08-09,1180.720114367794
2024-08-12,1178.89820960776
2024-08-13,1177.8243730682523
2024-08-14,1179.4023852441703
2024-08-15,1178.2315751640167
2024-08-16,1178.609287895431
2024-08-19,1176.4220173521878
2024-08-20,1179.662875752164
2024-08-21,1181.0374917755762
2024-08-22,1179.8250139263819
2024-08-23,1184.4974891874735
2024-08-26,1188.5102388297514
2024-08-27,1186.6858498014044
2024-08-28,1190.4749208768083
2024-08-29,1192.148503191323
2024-08-30,1193.2390636061798
2024-09-02,1192.5888823359553
2024-09-03,1189.1042094731342
2024-09-04,1189.2755870444323
2024-09-05,1193.2325983728228
2024-09-06,1188.4001827182688
2024-09-09,1187.5682897532722
2024-09-10,1183.8036709376877
2024-09-11,1180.0973440620921
2024-09-12,1174.7361707421292
2024-09-13,1180.6733716524404
2024-09-16,1181.8755413142935
2024-09-17,1188.7475349394165
2024-09-18,1188.2284186774202
2024-09-19,1193.35774319272
2024-09-20,1196.482156094342
2024-09-23,1195.8281342053724
2024-09-24,1195.4264188520383
2024-09-25,1200.8867537462938
2024-09-26,1206.417462748268
2024-09-27,1208.946624449677
2024-09-30,1209.1210559589501
2024-10-01,1209.624407008488
2024-10-02,1210.8450719586792
2024-10-03,1211.038184545113
2024-10-04,1211.7993242781126
2024-10-07,1216.1288611516495
2024-10-08,1210.7874239399255
2024-10-09,1209.1200416278857
2024-10-10,1211.8938860962742
2024-10-11,1208.652291974908
2024-10-14,1207.8524006052596
2024-10-15,1209.3841799479235
2024-10-16,1214.1757605386067
2024-10-17,1220.7449906611746
2024-10-18,1214.2037517845574
2024-10-21,1217.1357274753086
2024-10-22,1219.7961579585954
2024-10-23,1229.4118810045577
2024-10-24,1226.5270382797557
2024-10-25,1228.6995876391666
2024-10-28,1234.0155117132147
2024-10-29,1234.335699280141
2024-10-30,1235.658234778767
2024-10-31,1231.9528539677933
2024-11-01,1232.655717516412
2024-11-04,1232.0242726502167
2024-11-05,1235.1691413731787
2024-11-06,1231.6561909288398
2024-11-07,1231.2523059102152
2024-11-08,1228.1253405425932
2024-11-11,1230.2811833448923
2024-11-12,1224.8879324438635
2024-11-13,1226.3821227439641
2024-11-14,1224.1844503388334
2024-11-15,1229.1002653763449
2024-11-18,1231.6531189752773
2024-11-19,1235.745244635094
2024-11-20,1235.79238606655
2024-11-21,1235.0587715577922
2024-11-22,1233.365917591034
2024-11-25,1240.4196335290414
2024-11-26,1245.5040562733864
2024-11-27,1245.1716751730496
2024-11-28,1246.2962583944707
2024-11-29,1234.1934057109158
2024-12-02,1236.4564513812766
2024-12-03,1232.6391910152975
2024-12-04,1233.910280497122
2024-12-05,1228.780598284345
2024-12-06,1230.1555285585719
2024-12-09,1237.659610805436
2024-12-10,1239.398186793348
2024-12-11,1238.7423312234919
2024-12-12,1242.5876900362348
2024-12-13,1240.9425229907729
2024-12-16,1241.1410771490932
2024-12-17,1241.680416811687
2024-12-18,1245.7891872812893
2024-12-19,1246.6252302097346
2024-12-20,1251.0162202864417
2024-12-23,1249.5302345708249
2024-12-24,1245.1365383781329
2024-12-25,1247.5783305542457
2024-12-26,1252.8915034166437
2024-12-27,1253.8918416918846
2024-12-30,1253.0817887099465
2024-12-31,1245.4284808969937
2025-01-01,1241.6435851249862
2025-01-02,1246.8008242663761
2025-01-03,1250.5447837986503
2025-01-06,1249.5355366667318
2025-01-07,1249.3389216053315
2025-01-08,1246.3704044092806
2025-01-09,1249.6392799430992
2025-01-10,1254.8475391729044
2025-01-13,1259.6022960500206
2025-01-14,1265.34727008498
2025-01-15,1273.999415264704
2025-01-16,1270.921725308569
2025-01-17,1272.9268070938251
2025-01-20,1269.2335675338568
2025-01-21,1273.5963019709268
2025-01-22,1278.1941644267515
2025-01-23,1273.414652635089
2025-01-24,1270.8825959982682
2025-01-27,1268.4418410248427
2025-01-28,1265.3118680103225
2025-01-29,1261.1023378991615
2025-01-30,1261.7047270924245
2025-01-31,1262.9191856356035
2025-02-03,1264.2457567989416
2025-02-04,1265.439316522749
2025-02-05,1267.243451117757
2025-02-06,1272.1758743405198
2025-02-07,1272.1681076978168
2025-02-10,1271.6670667946876
2025-02-11,1278.495499782971
2025-02-12,1279.7913967015313
2025-02-13,1284.6560675140704
2025-02-14,1285.9065337440377
2025-02-17,1288.6246006694307
2025-02-18,1288.905902103
2025-02-19,1287.8737942554385
2025-02-20,1286.4364313161066
2025-02-21,1287.0813132148087
2025-02-24,1286.9036135446645
2025-02-25,1287.5067123283602
2025-02-26,1293.2982891413913
2025-02-27,1282.7279222408984
2025-02-28,1281.1749751669927
2025-03-03,1287.5589707648528
2025-03-04,1282.7236927973
2025-03-05,1281.698049859417
2025-03-06,1281.662774951028
2025-03-07,1276.2780658132278
2025-03-10,1274.333752847397
2025-03-11,1271.4522090245803
2025-03-12,1274.3524460369513
2025-03-13,1279.2282410986268
2025-03-14,1276.0742928606903
2025-03-17,1271.7137475503548
2025-03-18,1276.0957561495131
2025-03-19,1277.4480964600532
2025-03-20,1282.2919040886966
2025-03-21,1285.1227145524304
2025-03-24,1288.999702096747
2025-03-25,1291.6240001372064
2025-03-26,1287.746989416426
2025-03-27,1285.874424422168
2025-03-28,1289.8679928049312
2025-03-31,1296.1235012311517
2025-04-01,1292.7663194423744
2025-04-02,1304.6461059931357
2025-04-03,1304.9778678694688
2025-04-04,1306.0249521653209
2025-04-07,1303.0408874399636
2025-04-08,1308.9554722425266
2025-04-09,1315.088250227526
2025-04-10,1316.5286283699409
2025-04-11,1318.2871039360627
2025-04-14,1314.9205098868795
2025-04-15,1313.2329114962615
2025-04-16,1313.9308017305268
2025-04-17,1320.1387531248708
2025-04-18,1321.122289859214
2025-04-21,1325.3961058432924
2025-04-22,1318.7360317104074
2025-04-23,1321.4512100563816
2025-04-24,1322.9193435341504
2025-04-25,1322.7184376224748
2025-04-28,1325.9016316691996
2025-04-29,1330.01588272431
2025-04-30,1332.9626704126924
2025-05-01,1331.0685196583152
2025-05-02,1328.772003805697
2025-05-05,1326.9649551427071
2025-05-06,1328.6631417847113
2025-05-07,1328.3164846402467
2025-05-08,1328.6018322492955
2025-05-09,1331.6109404852207
2025-05-12,1329.2324203811158
2025-05-13,1330.487603512659
2025-05-14,1331.6880117413425
2025-05-15,1335.650510497896
2025-05-16,1342.1508407539695
2025-05-19,1349.088296809492
2025-05-20,1355.4490861330576
2025-05-21,1348.7184453434163
2025-05-22,1352.0562924179387
2025-05-23,1357.9893859185684
2025-05-26,1355.256959625716
2025-05-27,1357.1918962191573
2025-05-28,1362.2011890867564
2025-05-29,1360.6470731328297
2025-05-30,1359.0374727674523
2025-06-02,1359.2366423997219
2025-06-03,1359.6856462380583
2025-06-04,1351.7059527434735
2025-06-05,1349.1457160448754
2025-06-06,1354.8953820670088
2025-06-09,1359.0858287411854
2025-06-10,1359.5891065283913
2025-06-11,1360.7909733937058
2025-06-12,1364.106888554811
2025-06-13,1367.9522474730734
2025-06-16,1369.6816902750486
2025-06-17,1368.7129438988595
2025-06-18,1374.8531260593638
2025-06-19,1374.0064762691582
2025-06-20,1371.7936675801402
2025-06-23,1374.4737376537203
2025-06-24,1371.5129230784507
2025-06-25,1367.28855546578
2025-06-26,1366.9980384370663
2025-06-27,1368.6990597829451
2025-06-30,1366.6515882983406
2025-07-01,1365.7014611814682
2025-07-02,1366.9033979794985
2025-07-03,1366.261012021141
2025-07-04,1367.9830541715864
2025-07-07,1369.8712061254519
2025-07-08,1370.9068982114336
2025-07-09,1370.0031750906774
2025-07-10,1372.0038732745702
2025-07-11,1373.6293351138772
2025-07-14,1381.4504281494196
2025-07-15,1384.3367356388603
2025-07-16,1386.0239449596636
2025-07-17,1388.66974301213
2025-07-18,1389.970157283476
2025-07-21,1390.0277323791145
2025-07-22,1388.3002141758284
2025-07-23,1390.441019807215
2025-07-24,1389.30502931299
2025-07-25,1392.0002759023205
2025-07-28,1390.2364918798896
2025-07-29,1388.0364319913608
2025-07-30,1394.3732434398248
2025-07-31,1394.9000608466795
2025-08-01,1389.0320463077135
2025-08-04,1390.3496586210676
2025-08-05,1389.1809174579735
2025-08-06,1389.9825495086618
2025-08-07,1391.1134538934361
2025-08-08,1389.7518622773218
2025-08-11,1389.2133539056579
2025-08-12,1386.6011767943783
2025-08-13,1387.6005320493045
2025-08-14,1390.3133074543985
2025-08-15,1398.6364111103037
2025-08-18,1403.4992724888577
2025-08-19,1401.1029356604852
2025-08-20,1406.2438838948678
2025-08-21,1411.5331564927133
2025-08-22,1407.9876825871836
2025-08-25,1405.2080134725293
2025-08-26,1403.422427567723
2025-08-27,1402.2959066796768
2025-08-28,1398.2107773639893
2025-08-29,1398.6811109919277
2025-09-01,1398.7953680593032
2025-09-02,1398.2659868789126
2025-09-03,1398.6730502568546
2025-09-04,1403.1819648657042
2025-09-05,1404.3500160340905
2025-09-08,1406.5261747317627
2025-09-09,1409.0618441033557
2025-09-10,1409.9661490534888
2025-09-11,1403.408172083617
2025-09-12,1403.9877739622248
2025-09-15,1403.2330201263385
2025-09-16,1397.5130063297277
2025-09-17,1404.279665624274
2025-09-18,1402.057972167849
2025-09-19,1401.1463156757598
2025-09-22,1407.8562314902485
2025-09-23,1413.6113538665259
2025-09-24,1413.8321613408507
2025-09-25,1416.8776251422487
2025-09-26,1410.1338724736593
2025-09-29,1413.5204667171572
2025-09-30,1408.8114516879084
2025-10-01,1409.2856143440104
2025-10-02,1410.977883985769
2025-10-03,1409.548660431335
2025-10-06,1413.4313615751687
2025-10-07,1410.4794486434807
2025-10-08,1411.7637525225464
2025-10-09,1412.124911765654
2025-10-10,1405.7396193013744
2025-10-13,1407.473057173706
2025-10-14,1403.7149897331426
2025-10-15,1399.6868922527876
2025-10-16,1403.332089678979
2025-10-17,1404.216231867849
2025-10-20,1407.088875765087
2025-10-21,1403.4545283291843
2025-10-22,1401.1371581028545
2025-10-23,1397.892015404377
2025-10-24,1395.1702448024234
2025-10-27,1397.0852090462604
2025-10-28,1394.4918231562278
2025-10-29,1397.9535592919528
2025-10-30,1395.877556330491
2025-10-31,1393.495500585945
2025-11-03,1395.755795379847
2025-11-04,1396.4707586218456
2025-11-05,1403.8572725256713
2025-11-06,1399.9913193222
2025-11-07,1395.7397591666186
2025-11-10,1396.1971726810687
2025-11-11,1391.707456939372
2025-11-12,1396.9127347019444
2025-11-13,1396.968435226421
2025-11-14,1398.445431431398
2025-11-17,1395.6696065546046
2025-11-18,1396.4861474346353
2025-11-19,1402.8474161574213
2025-11-20,1397.3388552474537
2025-11-21,1402.1404141657101
2025-11-24,1401.1016407009831
2025-11-25,1401.3466267348224
2025-11-26,1398.548459988407
2025-11-27,1395.4838528843748
2025-11-28,1390.3128201727955
2025-12-01,1395.2400065969491
2025-12-02,1393.2665872689658
2025-12-03,1389.4350694983177
2025-12-04,1384.5374368865928
2025-12-05,1394.0939261657604
2025-12-08,1386.3803242007273
2025-12-09,1388.9200254418606
2025-12-10,1383.1728057286873
2025-12-11,1382.8912232014188
2025-12-12,1382.1021497955417
2025-12-15,1379.35570740326
2025-12-16,1372.0205196057425
2025-12-17,1368.3909678517373
2025-12-18,1372.894157789736
2025-12-19,1381.6780417351276
2025-12-22,1387.018717330043
2025-12-23,1381.5004465012933
2025-12-24,1384.0892598850137
2025-12-25,1381.0095229382446
2025-12-26,1375.2597791362055
2025-12-29,1371.872966494528
2025-12-30,1368.5719417295998
2025-12-31,1377.1755700032102
